id	name	pessimistic	inclusive	friendly	pess_percent	inc_percent	friend_percent	pess_min	pess_max	inc_min	inc_max	friend_min	friend_max		
TZA	Tanzania	"10.1"	"9.2"	"6.9"	"1.28"	"1.37"	"0.87"	"8.1"	"12.1"	"7.2"	"11.2"	"4.3"	"9.3"		
ZMB	Zambia	"10.1"	"9.2"	"6.9"	"1.28"	"1.37"	"0.87"	"8.1"	"12.1"	"7.2"	"11.2"	"4.3"	"9.3"		
160	Comoros	"10.1"	"9.2"	"6.9"	"1.28"	"1.37"	"0.87"	"8.1"	"12.1"	"7.2"	"11.2"	"4.3"	"9.3"	not listed	
KEN	Kenya	"10.1"	"9.2"	"6.9"	"1.28"	"1.37"	"0.87"	"8.1"	"12.1"	"7.2"	"11.2"	"4.3"	"9.3"		
MWI	Malawi	"10.1"	"9.2"	"6.9"	"1.28"	"1.37"	"0.87"	"8.1"	"12.1"	"7.2"	"11.2"	"4.3"	"9.3"		
RWA	Rwanda	"10.1"	"9.2"	"6.9"	"1.28"	"1.37"	"0.87"	"8.1"	"12.1"	"7.2"	"11.2"	"4.3"	"9.3"		
BDI	Burundi	"10.1"	"9.2"	"6.9"	"1.28"	"1.37"	"0.87"	"8.1"	"12.1"	"7.2"	"11.2"	"4.3"	"9.3"		
ETH	Ethiopia	"10.1"	"9.2"	"6.9"	"1.28"	"1.37"	"0.87"	"8.1"	"12.1"	"7.2"	"11.2"	"4.3"	"9.3"		
UGA	Uganda	"10.1"	"9.2"	"6.9"	"1.28"	"1.37"	"0.87"	"8.1"	"12.1"	"7.2"	"11.2"	"4.3"	"9.3"		
DJI	Djibouti	"10.1"	"9.2"	"6.9"	"1.28"	"1.37"	"0.87"	"8.1"	"12.1"	"7.2"	"11.2"	"4.3"	"9.3"		
196	Seychelles	"10.1"	"9.2"	"6.9"	"1.28"	"1.37"	"0.87"	"8.1"	"12.1"	"7.2"	"11.2"	"4.3"	"9.3"	not listed	
153	Mauritius	"10.1"	"9.2"	"6.9"	"1.28"	"1.37"	"0.87"	"8.1"	"12.1"	"7.2"	"11.2"	"4.3"	"9.3"	not listed	
SOM	Somalia	"10.1"	"9.2"	"6.9"	"1.28"	"1.37"	"0.87"	"8.1"	"12.1"	"7.2"	"11.2"	"4.3"	"9.3"		
ERI	Eritrea	"10.1"	"9.2"	"6.9"	"1.28"	"1.37"	"0.87"	"8.1"	"12.1"	"7.2"	"11.2"	"4.3"	"9.3"		
ZWE	Zimbabwe	"10.1"	"9.2"	"6.9"	"1.28"	"1.37"	"0.87"	"8.1"	"12.1"	"7.2"	"11.2"	"4.3"	"9.3"		
MDG	Madagascar	"10.1"	"9.2"	"6.9"	"1.28"	"1.37"	"0.87"	"8.1"	"12.1"	"7.2"	"11.2"	"4.3"	"9.3"		
MOZ	Mozambique	"10.1"	"9.2"	"6.9"	"1.28"	"1.37"	"0.87"	"8.1"	"12.1"	"7.2"	"11.2"	"4.3"	"9.3"		
IND	India	"35.7"	"21.1"	"16.9"	"1.56"	"0.89"	"0.74"	"30.9"	"40.5"	"18.1"	"24.1"	"11.4"	"22.4"		
PAK	Pakistan	"35.7"	"21.1"	"16.9"	"1.56"	"0.89"	"0.74"	"30.9"	"40.5"	"18.1"	"24.1"	"11.4"	"22.4"		
LKA	Sri Lanka	"35.7"	"21.1"	"16.9"	"1.56"	"0.89"	"0.74"	"30.9"	"40.5"	"18.1"	"24.1"	"11.4"	"22.4"		
NPL	Nepal	"35.7"	"21.1"	"16.9"	"1.56"	"0.89"	"0.74"	"30.9"	"40.5"	"18.1"	"24.1"	"11.4"	"22.4"		
BTN	Bhutan	"35.7"	"21.1"	"16.9"	"1.56"	"0.89"	"0.74"	"30.9"	"40.5"	"18.1"	"24.1"	"11.4"	"22.4"		
BGD	Bangladesh	"35.7"	"21.1"	"16.9"	"1.56"	"0.89"	"0.74"	"30.9"	"40.5"	"18.1"	"24.1"	"11.4"	"22.4"		
AFG	Afghanistan	"35.7"	"21.1"	"16.9"	"1.56"	"0.89"	"0.74"	"30.9"	"40.5"	"18.1"	"24.1"	"11.4"	"22.4"		
MEX	Mexico	"2.1"	"1.4"	"1.7"	"1.03"	"0.68"	"0.85"	"0.3"	"3.9"	"0.5"	"2.4"	"0.2"	"3.3"		
CRI	Costa Rica	"2.1"	"1.4"	"1.7"	"1.03"	"0.68"	"0.85"	"0.3"	"3.9"	"0.5"	"2.4"	"0.2"	"3.3"		
PAN	Panama	"2.1"	"1.4"	"1.7"	"1.03"	"0.68"	"0.85"	"0.3"	"3.9"	"0.5"	"2.4"	"0.2"	"3.3"		
HND	Honduras	"2.1"	"1.4"	"1.7"	"1.03"	"0.68"	"0.85"	"0.3"	"3.9"	"0.5"	"2.4"	"0.2"	"3.3"		
NIC	Nicaragua	"2.1"	"1.4"	"1.7"	"1.03"	"0.68"	"0.85"	"0.3"	"3.9"	"0.5"	"2.4"	"0.2"	"3.3"		
SLV	El Salvador	"2.1"	"1.4"	"1.7"	"1.03"	"0.68"	"0.85"	"0.3"	"3.9"	"0.5"	"2.4"	"0.2"	"3.3"		
GTM	Guatemala	"2.1"	"1.4"	"1.7"	"1.03"	"0.68"	"0.85"	"0.3"	"3.9"	"0.5"	"2.4"	"0.2"	"3.3"		
BLZ	Belize	"2.1"	"1.4"	"1.7"	"1.03"	"0.68"	"0.85"	"0.3"	"3.9"	"0.5"	"2.4"	"0.2"	"3.3"		
PER	Peru	"10.6"	"10.5"	"5.8"	"1.61"	"1.50"	"0.88"	"4.3"	"17.1"	"4.9"	"16.2"	"2.2"	"9.4"		
URY	Uruguay	"10.6"	"10.5"	"5.8"	"1.61"	"1.50"	"0.88"	"4.3"	"17.1"	"4.9"	"16.2"	"2.2"	"9.4"		
GUY	Guyana	"10.6"	"10.5"	"5.8"	"1.61"	"1.50"	"0.88"	"4.3"	"17.1"	"4.9"	"16.2"	"2.2"	"9.4"		
ECU	Ecuador	"10.6"	"10.5"	"5.8"	"1.61"	"1.50"	"0.88"	"4.3"	"17.1"	"4.9"	"16.2"	"2.2"	"9.4"		
COL	Colombia	"10.6"	"10.5"	"5.8"	"1.61"	"1.50"	"0.88"	"4.3"	"17.1"	"4.9"	"16.2"	"2.2"	"9.4"		
BOL	Bolivia	"10.6"	"10.5"	"5.8"	"1.61"	"1.50"	"0.88"	"4.3"	"17.1"	"4.9"	"16.2"	"2.2"	"9.4"		
SUR	Suriname	"10.6"	"10.5"	"5.8"	"1.61"	"1.50"	"0.88"	"4.3"	"17.1"	"4.9"	"16.2"	"2.2"	"9.4"		
CHL	Chile	"10.6"	"10.5"	"5.8"	"1.61"	"1.50"	"0.88"	"4.3"	"17.1"	"4.9"	"16.2"	"2.2"	"9.4"		
BRA	Brazil	"10.6"	"10.5"	"5.8"	"1.61"	"1.50"	"0.88"	"4.3"	"17.1"	"4.9"	"16.2"	"2.2"	"9.4"		
PRY	Paraguay	"10.6"	"10.5"	"5.8"	"1.61"	"1.50"	"0.88"	"4.3"	"17.1"	"4.9"	"16.2"	"2.2"	"9.4"		
ARG	Argentina	"10.6"	"10.5"	"5.8"	"1.61"	"1.50"	"0.88"	"4.3"	"17.1"	"4.9"	"16.2"	"2.2"	"9.4"		
VEN	Venezuela	"10.6"	"10.5"	"5.8"	"1.61"	"1.50"	"0.88"	"4.3"	"17.1"	"4.9"	"16.2"	"2.2"	"9.4"		
USA	United States	"0"	"0"	"0"	"0"	"0"	"0"	"0"	"0"	"0"	"0"	"0"	"0"		
CHN	China	"0"	"0"	"0"	"0"	"0"	"0"	"0"	"0"	"0"	"0"	"0"	"0"		
IDN	Indonesia	"0"	"0"	"0"	"0"	"0"	"0"	"0"	"0"	"0"	"0"	"0"	"0"		
RUS	Russia	"0"	"0"	"0"	"0"	"0"	"0"	"0"	"0"	"0"	"0"	"0"	"0"		
JPN	Japan	"0"	"0"	"0"	"0"	"0"	"0"	"0"	"0"	"0"	"0"	"0"	"0"		
PHL	Philippines	"0"	"0"	"0"	"0"	"0"	"0"	"0"	"0"	"0"	"0"	"0"	"0"		
VNM	Vietnam	"0"	"0"	"0"	"0"	"0"	"0"	"0"	"0"	"0"	"0"	"0"	"0"		
DEU	Germany	"0"	"0"	"0"	"0"	"0"	"0"	"0"	"0"	"0"	"0"	"0"	"0"		
EGY	Egypt	"0"	"0"	"0"	"0"	"0"	"0"	"0"	"0"	"0"	"0"	"0"	"0"		
TUR	Turkey	"0"	"0"	"0"	"0"	"0"	"0"	"0"	"0"	"0"	"0"	"0"	"0"		
IRN	Iran	"0"	"0"	"0"	"0"	"0"	"0"	"0"	"0"	"0"	"0"	"0"	"0"		
THA	Thailand	"0"	"0"	"0"	"0"	"0"	"0"	"0"	"0"	"0"	"0"	"0"	"0"		
FRA	France	"0"	"0"	"0"	"0"	"0"	"0"	"0"	"0"	"0"	"0"	"0"	"0"		
GBR	United Kingdom	"0"	"0"	"0"	"0"	"0"	"0"	"0"	"0"	"0"	"0"	"0"	"0"		
ITA	Italy	"0"	"0"	"0"	"0"	"0"	"0"	"0"	"0"	"0"	"0"	"0"	"0"		
MMR	Burma	"0"	"0"	"0"	"0"	"0"	"0"	"0"	"0"	"0"	"0"	"0"	"0"		
KOR	Korea, South	"0"	"0"	"0"	"0"	"0"	"0"	"0"	"0"	"0"	"0"	"0"	"0"		
UKR	Ukraine	"0"	"0"	"0"	"0"	"0"	"0"	"0"	"0"	"0"	"0"	"0"	"0"		
ESP	Spain	"0"	"0"	"0"	"0"	"0"	"0"	"0"	"0"	"0"	"0"	"0"	"0"		
POL	Poland	"0"	"0"	"0"	"0"	"0"	"0"	"0"	"0"	"0"	"0"	"0"	"0"		
DZA	Algeria	"0"	"0"	"0"	"0"	"0"	"0"	"0"	"0"	"0"	"0"	"0"	"0"		
CAN	Canada	"0"	"0"	"0"	"0"	"0"	"0"	"0"	"0"	"0"	"0"	"0"	"0"		
MAR	Morocco	"0"	"0"	"0"	"0"	"0"	"0"	"0"	"0"	"0"	"0"	"0"	"0"		
IRQ	Iraq	"0"	"0"	"0"	"0"	"0"	"0"	"0"	"0"	"0"	"0"	"0"	"0"		
SAU	Saudi Arabia	"0"	"0"	"0"	"0"	"0"	"0"	"0"	"0"	"0"	"0"	"0"	"0"		
UZB	Uzbekistan	"0"	"0"	"0"	"0"	"0"	"0"	"0"	"0"	"0"	"0"	"0"	"0"		
MYS	Malaysia	"0"	"0"	"0"	"0"	"0"	"0"	"0"	"0"	"0"	"0"	"0"	"0"		
YEM	Yemen	"0"	"0"	"0"	"0"	"0"	"0"	"0"	"0"	"0"	"0"	"0"	"0"		
TWN	Taiwan	"0"	"0"	"0"	"0"	"0"	"0"	"0"	"0"	"0"	"0"	"0"	"0"		
PRK	Korea, North	"0"	"0"	"0"	"0"	"0"	"0"	"0"	"0"	"0"	"0"	"0"	"0"		
SYR	Syria	"0"	"0"	"0"	"0"	"0"	"0"	"0"	"0"	"0"	"0"	"0"	"0"		
ROU	Romania	"0"	"0"	"0"	"0"	"0"	"0"	"0"	"0"	"0"	"0"	"0"	"0"		
AUS	Australia	"0"	"0"	"0"	"0"	"0"	"0"	"0"	"0"	"0"	"0"	"0"	"0"		
CIV	Cote d'Ivoire	"0"	"0"	"0"	"0"	"0"	"0"	"0"	"0"	"0"	"0"	"0"	"0"		
NLD	Netherlands	"0"	"0"	"0"	"0"	"0"	"0"	"0"	"0"	"0"	"0"	"0"	"0"		
KAZ	Kazakhstan	"0"	"0"	"0"	"0"	"0"	"0"	"0"	"0"	"0"	"0"	"0"	"0"		
KHM	Cambodia	"0"	"0"	"0"	"0"	"0"	"0"	"0"	"0"	"0"	"0"	"0"	"0"		
CUB	Cuba	"0"	"0"	"0"	"0"	"0"	"0"	"0"	"0"	"0"	"0"	"0"	"0"		
GRC	Greece	"0"	"0"	"0"	"0"	"0"	"0"	"0"	"0"	"0"	"0"	"0"	"0"		
PRT	Portugal	"0"	"0"	"0"	"0"	"0"	"0"	"0"	"0"	"0"	"0"	"0"	"0"		
TUN	Tunisia	"0"	"0"	"0"	"0"	"0"	"0"	"0"	"0"	"0"	"0"	"0"	"0"		
BEL	Belgium	"0"	"0"	"0"	"0"	"0"	"0"	"0"	"0"	"0"	"0"	"0"	"0"		
CZE	Czech Republic	"0"	"0"	"0"	"0"	"0"	"0"	"0"	"0"	"0"	"0"	"0"	"0"		
HUN	Hungary	"0"	"0"	"0"	"0"	"0"	"0"	"0"	"0"	"0"	"0"	"0"	"0"		
DOM	Dominican Republic	"0"	"0"	"0"	"0"	"0"	"0"	"0"	"0"	"0"	"0"	"0"	"0"		
BLR	Belarus	"0"	"0"	"0"	"0"	"0"	"0"	"0"	"0"	"0"	"0"	"0"	"0"		
HTI	Haiti	"0"	"0"	"0"	"0"	"0"	"0"	"0"	"0"	"0"	"0"	"0"	"0"		
SWE	Sweden	"0"	"0"	"0"	"0"	"0"	"0"	"0"	"0"	"0"	"0"	"0"	"0"		
AZE	Azerbaijan	"0"	"0"	"0"	"0"	"0"	"0"	"0"	"0"	"0"	"0"	"0"	"0"		
AUT	Austria	"0"	"0"	"0"	"0"	"0"	"0"	"0"	"0"	"0"	"0"	"0"	"0"		
CHE	Switzerland	"0"	"0"	"0"	"0"	"0"	"0"	"0"	"0"	"0"	"0"	"0"	"0"		
TJK	Tajikistan	"0"	"0"	"0"	"0"	"0"	"0"	"0"	"0"	"0"	"0"	"0"	"0"		
ISR	Israel	"0"	"0"	"0"	"0"	"0"	"0"	"0"	"0"	"0"	"0"	"0"	"0"		
SRB	Serbia	"0"	"0"	"0"	"0"	"0"	"0"	"0"	"0"	"0"	"0"	"0"	"0"		
BGR	Bulgaria	"0"	"0"	"0"	"0"	"0"	"0"	"0"	"0"	"0"	"0"	"0"	"0"		
HKG	Hong Kong	"0"	"0"	"0"	"0"	"0"	"0"	"0"	"0"	"0"	"0"	"0"	"0"		
LAO	Laos	"0"	"0"	"0"	"0"	"0"	"0"	"0"	"0"	"0"	"0"	"0"	"0"		
LBY	Libya	"0"	"0"	"0"	"0"	"0"	"0"	"0"	"0"	"0"	"0"	"0"	"0"		
JOR	Jordan	"0"	"0"	"0"	"0"	"0"	"0"	"0"	"0"	"0"	"0"	"0"	"0"		
PNG	Papua New Guinea	"0"	"0"	"0"	"0"	"0"	"0"	"0"	"0"	"0"	"0"	"0"	"0"		
DNK	Denmark	"0"	"0"	"0"	"0"	"0"	"0"	"0"	"0"	"0"	"0"	"0"	"0"		
KGZ	Kyrgyzstan	"0"	"0"	"0"	"0"	"0"	"0"	"0"	"0"	"0"	"0"	"0"	"0"		
SVK	Slovakia	"0"	"0"	"0"	"0"	"0"	"0"	"0"	"0"	"0"	"0"	"0"	"0"		
FIN	Finland	"0"	"0"	"0"	"0"	"0"	"0"	"0"	"0"	"0"	"0"	"0"	"0"		
ARE	United Arab Emirates	"0"	"0"	"0"	"0"	"0"	"0"	"0"	"0"	"0"	"0"	"0"	"0"		
TKM	Turkmenistan	"0"	"0"	"0"	"0"	"0"	"0"	"0"	"0"	"0"	"0"	"0"	"0"		
SGP	Singapore	"0"	"0"	"0"	"0"	"0"	"0"	"0"	"0"	"0"	"0"	"0"	"0"	not listed	
NOR	Norway	"0"	"0"	"0"	"0"	"0"	"0"	"0"	"0"	"0"	"0"	"0"	"0"		
BIH	Bosnia and Herzegovina	"0"	"0"	"0"	"0"	"0"	"0"	"0"	"0"	"0"	"0"	"0"	"0"		
GEO	Georgia	"0"	"0"	"0"	"0"	"0"	"0"	"0"	"0"	"0"	"0"	"0"	"0"		
HRV	Croatia	"0"	"0"	"0"	"0"	"0"	"0"	"0"	"0"	"0"	"0"	"0"	"0"		
MDA	Moldova	"0"	"0"	"0"	"0"	"0"	"0"	"0"	"0"	"0"	"0"	"0"	"0"		
NZL	New Zealand	"0"	"0"	"0"	"0"	"0"	"0"	"0"	"0"	"0"	"0"	"0"	"0"		
IRL	Ireland	"0"	"0"	"0"	"0"	"0"	"0"	"0"	"0"	"0"	"0"	"0"	"0"		
LBN	Lebanon	"0"	"0"	"0"	"0"	"0"	"0"	"0"	"0"	"0"	"0"	"0"	"0"		
PRI	Puerto Rico	"0"	"0"	"0"	"0"	"0"	"0"	"0"	"0"	"0"	"0"	"0"	"0"		
ALB	Albania	"0"	"0"	"0"	"0"	"0"	"0"	"0"	"0"	"0"	"0"	"0"	"0"		
LTU	Lithuania	"0"	"0"	"0"	"0"	"0"	"0"	"0"	"0"	"0"	"0"	"0"	"0"		
MNG	Mongolia	"0"	"0"	"0"	"0"	"0"	"0"	"0"	"0"	"0"	"0"	"0"	"0"		
OMN	Oman	"0"	"0"	"0"	"0"	"0"	"0"	"0"	"0"	"0"	"0"	"0"	"0"		
ARM	Armenia	"0"	"0"	"0"	"0"	"0"	"0"	"0"	"0"	"0"	"0"	"0"	"0"		
JAM	Jamaica	"0"	"0"	"0"	"0"	"0"	"0"	"0"	"0"	"0"	"0"	"0"	"0"		
KWT	Kuwait	"0"	"0"	"0"	"0"	"0"	"0"	"0"	"0"	"0"	"0"	"0"	"0"		
PSE	West Bank	"0"	"0"	"0"	"0"	"0"	"0"	"0"	"0"	"0"	"0"	"0"	"0"		
LVA	Latvia	"0"	"0"	"0"	"0"	"0"	"0"	"0"	"0"	"0"	"0"	"0"	"0"		
MKD	Macedonia	"0"	"0"	"0"	"0"	"0"	"0"	"0"	"0"	"0"	"0"	"0"	"0"		
SVN	Slovenia	"0"	"0"	"0"	"0"	"0"	"0"	"0"	"0"	"0"	"0"	"0"	"0"		
GMB	Gambia, The	"0"	"0"	"0"	"0"	"0"	"0"	"0"	"0"	"0"	"0"	"0"	"0"		
KWT	Kosovo	"0"	"0"	"0"	"0"	"0"	"0"	"0"	"0"	"0"	"0"	"0"	"0"		
149	Gaza Strip	"0"	"0"	"0"	"0"	"0"	"0"	"0"	"0"	"0"	"0"	"0"	"0"	not listed	
SWZ	Swaziland	"0"	"0"	"0"	"0"	"0"	"0"	"0"	"0"	"0"	"0"	"0"	"0"		
EST	Estonia	"0"	"0"	"0"	"0"	"0"	"0"	"0"	"0"	"0"	"0"	"0"	"0"		
TTO	Trinidad and Tobago	"0"	"0"	"0"	"0"	"0"	"0"	"0"	"0"	"0"	"0"	"0"	"0"		
TLS	Timor-Leste	"0"	"0"	"0"	"0"	"0"	"0"	"0"	"0"	"0"	"0"	"0"	"0"		
CYP	Cyprus	"0"	"0"	"0"	"0"	"0"	"0"	"0"	"0"	"0"	"0"	"0"	"0"		
FJI	Fiji	"0"	"0"	"0"	"0"	"0"	"0"	"0"	"0"	"0"	"0"	"0"	"0"		
QAT	Qatar	"0"	"0"	"0"	"0"	"0"	"0"	"0"	"0"	"0"	"0"	"0"	"0"		
163	Bahrain	"0"	"0"	"0"	"0"	"0"	"0"	"0"	"0"	"0"	"0"	"0"	"0"	not listed	
MNE	Montenegro	"0"	"0"	"0"	"0"	"0"	"0"	"0"	"0"	"0"	"0"	"0"	"0"		
SLB	Solomon Islands	"0"	"0"	"0"	"0"	"0"	"0"	"0"	"0"	"0"	"0"	"0"	"0"		
168	Macau	"0"	"0"	"0"	"0"	"0"	"0"	"0"	"0"	"0"	"0"	"0"	"0"	not listed	
169	Cape Verde	"0"	"0"	"0"	"0"	"0"	"0"	"0"	"0"	"0"	"0"	"0"	"0"	not listed	
LUX	Luxembourg	"0"	"0"	"0"	"0"	"0"	"0"	"0"	"0"	"0"	"0"	"0"	"0"		
ESH	Western Sahara	"0"	"0"	"0"	"0"	"0"	"0"	"0"	"0"	"0"	"0"	"0"	"0"		
173	Malta	"0"	"0"	"0"	"0"	"0"	"0"	"0"	"0"	"0"	"0"	"0"	"0"	not listed	
174	Maldives	"0"	"0"	"0"	"0"	"0"	"0"	"0"	"0"	"0"	"0"	"0"	"0"	not listed	
BRN	Brunei	"0"	"0"	"0"	"0"	"0"	"0"	"0"	"0"	"0"	"0"	"0"	"0"		
BHS	Bahamas, The	"0"	"0"	"0"	"0"	"0"	"0"	"0"	"0"	"0"	"0"	"0"	"0"		
ISL	Iceland	"0"	"0"	"0"	"0"	"0"	"0"	"0"	"0"	"0"	"0"	"0"	"0"		
179	French Polynesia	"0"	"0"	"0"	"0"	"0"	"0"	"0"	"0"	"0"	"0"	"0"	"0"	not listed	
180	Barbados	"0"	"0"	"0"	"0"	"0"	"0"	"0"	"0"	"0"	"0"	"0"	"0"	not listed	
181	Mayotte	"0"	"0"	"0"	"0"	"0"	"0"	"0"	"0"	"0"	"0"	"0"	"0"	not listed	
NCL	New Caledonia	"0"	"0"	"0"	"0"	"0"	"0"	"0"	"0"	"0"	"0"	"0"	"0"		
183	Netherlands Antilles	"0"	"0"	"0"	"0"	"0"	"0"	"0"	"0"	"0"	"0"	"0"	"0"	not listed	
VUT	Vanuatu	"0"	"0"	"0"	"0"	"0"	"0"	"0"	"0"	"0"	"0"	"0"	"0"		
185	Samoa	"0"	"0"	"0"	"0"	"0"	"0"	"0"	"0"	"0"	"0"	"0"	"0"	not listed	
186	Sao Tome and Principe	"0"	"0"	"0"	"0"	"0"	"0"	"0"	"0"	"0"	"0"	"0"	"0"	not listed	
187	Saint Lucia	"0"	"0"	"0"	"0"	"0"	"0"	"0"	"0"	"0"	"0"	"0"	"0"	not listed	
188	Tonga	"0"	"0"	"0"	"0"	"0"	"0"	"0"	"0"	"0"	"0"	"0"	"0"	not listed	
189	Virgin Islands	"0"	"0"	"0"	"0"	"0"	"0"	"0"	"0"	"0"	"0"	"0"	"0"	not listed	
190	Grenada	"0"	"0"	"0"	"0"	"0"	"0"	"0"	"0"	"0"	"0"	"0"	"0"	not listed	
191	Micronesia, Federated States of	"0"	"0"	"0"	"0"	"0"	"0"	"0"	"0"	"0"	"0"	"0"	"0"	not listed	
192	Aruba	"0"	"0"	"0"	"0"	"0"	"0"	"0"	"0"	"0"	"0"	"0"	"0"	not listed	
193	Saint Vincent and the Grenadines	"0"	"0"	"0"	"0"	"0"	"0"	"0"	"0"	"0"	"0"	"0"	"0"	not listed	
194	Kiribati	"0"	"0"	"0"	"0"	"0"	"0"	"0"	"0"	"0"	"0"	"0"	"0"	not listed	
195	Jersey	"0"	"0"	"0"	"0"	"0"	"0"	"0"	"0"	"0"	"0"	"0"	"0"	not listed	
197	Antigua and Barbuda	"0"	"0"	"0"	"0"	"0"	"0"	"0"	"0"	"0"	"0"	"0"	"0"	not listed	
198	Andorra	"0"	"0"	"0"	"0"	"0"	"0"	"0"	"0"	"0"	"0"	"0"	"0"	not listed	
199	Isle of Man	"0"	"0"	"0"	"0"	"0"	"0"	"0"	"0"	"0"	"0"	"0"	"0"	not listed	
DOM	Dominica	"0"	"0"	"0"	"0"	"0"	"0"	"0"	"0"	"0"	"0"	"0"	"0"		
201	Bermuda	"0"	"0"	"0"	"0"	"0"	"0"	"0"	"0"	"0"	"0"	"0"	"0"	not listed	
202	American Samoa	"0"	"0"	"0"	"0"	"0"	"0"	"0"	"0"	"0"	"0"	"0"	"0"	not listed	
203	Marshall Islands	"0"	"0"	"0"	"0"	"0"	"0"	"0"	"0"	"0"	"0"	"0"	"0"	not listed	
204	Guernsey	"0"	"0"	"0"	"0"	"0"	"0"	"0"	"0"	"0"	"0"	"0"	"0"	not listed	
GRL	Greenland	"0"	"0"	"0"	"0"	"0"	"0"	"0"	"0"	"0"	"0"	"0"	"0"		
206	Cayman Islands	"0"	"0"	"0"	"0"	"0"	"0"	"0"	"0"	"0"	"0"	"0"	"0"	not listed	
207	Saint Kitts and Nevis	"0"	"0"	"0"	"0"	"0"	"0"	"0"	"0"	"0"	"0"	"0"	"0"	not listed	
208	Faroe Islands	"0"	"0"	"0"	"0"	"0"	"0"	"0"	"0"	"0"	"0"	"0"	"0"	not listed	
209	Northern Mariana Islands	"0"	"0"	"0"	"0"	"0"	"0"	"0"	"0"	"0"	"0"	"0"	"0"	not listed	
210	Liechtenstein	"0"	"0"	"0"	"0"	"0"	"0"	"0"	"0"	"0"	"0"	"0"	"0"	not listed	
211	San Marino	"0"	"0"	"0"	"0"	"0"	"0"	"0"	"0"	"0"	"0"	"0"	"0"	not listed	
212	Monaco	"0"	"0"	"0"	"0"	"0"	"0"	"0"	"0"	"0"	"0"	"0"	"0"	not listed	
213	Saint Martin	"0"	"0"	"0"	"0"	"0"	"0"	"0"	"0"	"0"	"0"	"0"	"0"	not listed	
214	Gibraltar	"0"	"0"	"0"	"0"	"0"	"0"	"0"	"0"	"0"	"0"	"0"	"0"	not listed	
215	British Virgin Islands	"0"	"0"	"0"	"0"	"0"	"0"	"0"	"0"	"0"	"0"	"0"	"0"	not listed	
216	Turks and Caicos Islands	"0"	"0"	"0"	"0"	"0"	"0"	"0"	"0"	"0"	"0"	"0"	"0"	not listed	
217	Palau	"0"	"0"	"0"	"0"	"0"	"0"	"0"	"0"	"0"	"0"	"0"	"0"	not listed	
218	Akrotiri	"0"	"0"	"0"	"0"	"0"	"0"	"0"	"0"	"0"	"0"	"0"	"0"	not listed	
219	Dhekelia	"0"	"0"	"0"	"0"	"0"	"0"	"0"	"0"	"0"	"0"	"0"	"0"	not listed	
220	Wallis and Futuna	"0"	"0"	"0"	"0"	"0"	"0"	"0"	"0"	"0"	"0"	"0"	"0"	not listed	
221	Anguilla	"0"	"0"	"0"	"0"	"0"	"0"	"0"	"0"	"0"	"0"	"0"	"0"	not listed	
222	Nauru	"0"	"0"	"0"	"0"	"0"	"0"	"0"	"0"	"0"	"0"	"0"	"0"	not listed	
223	Cook Islands	"0"	"0"	"0"	"0"	"0"	"0"	"0"	"0"	"0"	"0"	"0"	"0"	not listed	
224	Tuvalu	"0"	"0"	"0"	"0"	"0"	"0"	"0"	"0"	"0"	"0"	"0"	"0"	not listed	
225	Saint Helena, Ascension, and Tristan da Cunha	"0"	"0"	"0"	"0"	"0"	"0"	"0"	"0"	"0"	"0"	"0"	"0"	not listed	
226	Saint Barthelemy	"0"	"0"	"0"	"0"	"0"	"0"	"0"	"0"	"0"	"0"	"0"	"0"	not listed	
227	Saint Pierre and Miquelon	"0"	"0"	"0"	"0"	"0"	"0"	"0"	"0"	"0"	"0"	"0"	"0"	not listed	
228	Montserrat	"0"	"0"	"0"	"0"	"0"	"0"	"0"	"0"	"0"	"0"	"0"	"0"	not listed	
FLK	Falkland Islands (Islas Malvinas)	"0"	"0"	"0"	"0"	"0"	"0"	"0"	"0"	"0"	"0"	"0"	"0"		
230	Norfolk Island	"0"	"0"	"0"	"0"	"0"	"0"	"0"	"0"	"0"	"0"	"0"	"0"	not listed	
231	Svalbard	"0"	"0"	"0"	"0"	"0"	"0"	"0"	"0"	"0"	"0"	"0"	"0"	not listed	
232	Christmas Island	"0"	"0"	"0"	"0"	"0"	"0"	"0"	"0"	"0"	"0"	"0"	"0"	not listed	
233	Tokelau	"0"	"0"	"0"	"0"	"0"	"0"	"0"	"0"	"0"	"0"	"0"	"0"	not listed	
234	Niue	"0"	"0"	"0"	"0"	"0"	"0"	"0"	"0"	"0"	"0"	"0"	"0"	not listed	
235	Holy See (Vatican City)	"0"	"0"	"0"	"0"	"0"	"0"	"0"	"0"	"0"	"0"	"0"	"0"	not listed	
236	Cocos (Keeling) Islands	"0"	"0"	"0"	"0"	"0"	"0"	"0"	"0"	"0"	"0"	"0"	"0"	not listed	
237	Pitcairn Islands	"0"	"0"	"0"	"0"	"0"	"0"	"0"	"0"	"0"	"0"	"0"	"0"	not listed	
ATA	Antarctica	"0"	"0"	"0"	"0"	"0"	"0"	"0"	"0"	"0"	"0"	"0"	"0"		
ATF	French Southern and Antarctic Lands	"0"	"0"	"0"	"0"	"0"	"0"	"0"	"0"	"0"	"0"	"0"	"0"		
ABV	Somaliland	"0"	"0"	"0"	"0"	"0"	"0"	"0"	"0"	"0"	"0"	"0"	"0"		
OSA	Kosovo	"0"	"0"	"0"	"0"	"0"	"0"	"0"	"0"	"0"	"0"	"0"	"0"		
SDN	Sudan	"71.1"	"53.3"	"28.3"	"3.49"	"3.01"	"1.39"	"56.6"	"85.7"	"42.1"	"64.7"	"17.4"	"39.9"		sub_saha
TCD	Chad	"71.1"	"53.3"	"28.3"	"3.49"	"3.01"	"1.39"	"56.6"	"85.7"	"42.1"	"64.7"	"17.4"	"39.9"		
NER	Niger	"71.1"	"53.3"	"28.3"	"3.49"	"3.01"	"1.39"	"56.6"	"85.7"	"42.1"	"64.7"	"17.4"	"39.9"		
MLI	Mali	"71.1"	"53.3"	"28.3"	"3.49"	"3.01"	"1.39"	"56.6"	"85.7"	"42.1"	"64.7"	"17.4"	"39.9"		
MRT	Mauritania	"71.1"	"53.3"	"28.3"	"3.49"	"3.01"	"1.39"	"56.6"	"85.7"	"42.1"	"64.7"	"17.4"	"39.9"		
BFA	Burkina Faso	"71.1"	"53.3"	"28.3"	"3.49"	"3.01"	"1.39"	"56.6"	"85.7"	"42.1"	"64.7"	"17.4"	"39.9"		
SEN	Senegal	"54.4"	"38.5"	"17.9"	"6.87"	"5.67"	"2.27"	"44.8"	"64"	"32"	"45"	"11.1"	"24.8"		west
GNB	Guinea-Bissau	"54.4"	"38.5"	"17.9"	"6.87"	"5.67"	"2.27"	"44.8"	"64"	"32"	"45"	"11.1"	"24.8"		
GIN	Guinea	"54.4"	"38.5"	"17.9"	"6.87"	"5.67"	"2.27"	"44.8"	"64"	"32"	"45"	"11.1"	"24.8"		
SLE	Sierra Leone	"54.4"	"38.5"	"17.9"	"6.87"	"5.67"	"2.27"	"44.8"	"64"	"32"	"45"	"11.1"	"24.8"		
LBR	Liberia	"54.4"	"38.5"	"17.9"	"6.87"	"5.67"	"2.27"	"44.8"	"64"	"32"	"45"	"11.1"	"24.8"		
GHA	Ghana	"54.4"	"38.5"	"17.9"	"6.87"	"5.67"	"2.27"	"44.8"	"64"	"32"	"45"	"11.1"	"24.8"		
TGO	Togo	"54.4"	"38.5"	"17.9"	"6.87"	"5.67"	"2.27"	"44.8"	"64"	"32"	"45"	"11.1"	"24.8"		
BEN	Benin	"54.4"	"38.5"	"17.9"	"6.87"	"5.67"	"2.27"	"44.8"	"64"	"32"	"45"	"11.1"	"24.8"		
NGA	Nigeria	"54.4"	"38.5"	"17.9"	"6.87"	"5.67"	"2.27"	"44.8"	"64"	"32"	"45"	"11.1"	"24.8"		
CMR	Cameroon	"5.1"	"4.3"	"2.6"	"1.31"	"1.31"	"0.66"	"3.1"	"7.1"	"2.9"	"5.7"	"1.7"	"3.5"		central
CAF	Central African Republic	"5.1"	"4.3"	"2.6"	"1.31"	"1.31"	"0.66"	"3.1"	"7.1"	"2.9"	"5.7"	"1.7"	"3.5"		
SDS	South Sudan	"5.1"	"4.3"	"2.6"	"1.31"	"1.31"	"0.66"	"3.1"	"7.1"	"2.9"	"5.7"	"1.7"	"3.5"		
GNQ	Equatorial Guinea	"5.1"	"4.3"	"2.6"	"1.31"	"1.31"	"0.66"	"3.1"	"7.1"	"2.9"	"5.7"	"1.7"	"3.5"		
GAB	Gabon	"5.1"	"4.3"	"2.6"	"1.31"	"1.31"	"0.66"	"3.1"	"7.1"	"2.9"	"5.7"	"1.7"	"3.5"		
COG	Congo, Republic of the	"5.1"	"4.3"	"2.6"	"1.31"	"1.31"	"0.66"	"3.1"	"7.1"	"2.9"	"5.7"	"1.7"	"3.5"		
COD	Congo, Democratic Republic of the	"5.1"	"4.3"	"2.6"	"1.31"	"1.31"	"0.66"	"3.1"	"7.1"	"2.9"	"5.7"	"1.7"	"3.5"		
AGO	Angola	"5.1"	"4.3"	"2.6"	"1.31"	"1.31"	"0.66"	"3.1"	"7.1"	"2.9"	"5.7"	"1.7"	"3.5"		
NAM	Namibia	"1.5"	"1.5"	"0.9"	"2.31"	"1.98"	"1.40"	"0.6"	"2.5"	"0.07"	"2.8"	"0.2"	"1.6"		south
BWA	Botswana	"1.5"	"1.5"	"0.9"	"2.31"	"1.98"	"1.40"	"0.6"	"2.5"	"0.07"	"2.8"	"0.2"	"1.6"		
ZAF	South Africa	"1.5"	"1.5"	"0.9"	"2.31"	"1.98"	"1.40"	"0.6"	"2.5"	"0.07"	"2.8"	"0.2"	"1.6"		
LSO	Lesotho	"1.5"	"1.5"	"0.9"	"2.31"	"1.98"	"1.40"	"0.6"	"2.5"	"0.07"	"2.8"	"0.2"	"1.6"		